EMP_ID,NAME,DEPARTMENT,DESIGNATION,JOINING_DATE,CITY
100,Employee_100,IT,Senior Analyst,2026-03-02,Chennai
101,Employee_101,HR,Manager,2025-11-14,Bangalore
102,Employee_102,Sales,Associate,2024-05-31,Hyderabad
103,Employee_103,Marketing,Senior Analyst,2025-05-06,Chennai
104,Employee_104,IT,Manager,2024-05-27,Bangalore
105,Employee_105,HR,Associate,2024-12-14,Hyderabad
106,Employee_106,Sales,Senior Analyst,2024-08-08,Chennai
107,Employee_107,Marketing,Manager,2026-04-24,Bangalore
108,Employee_108,IT,Associate,2024-09-16,Hyderabad
109,Employee_109,HR,Senior Analyst,2024-04-16,Chennai
110,Employee_110,Sales,Manager,2024-07-24,Bangalore
111,Employee_111,Marketing,Associate,2025-10-22,Hyderabad
112,Employee_112,IT,Senior Analyst,2025-07-03,Chennai
113,Employee_113,HR,Manager,2024-01-19,Bangalore
114,Employee_114,Sales,Associate,2025-11-06,Hyderabad
115,Employee_115,Marketing,Senior Analyst,2024-04-17,Chennai
116,Employee_116,IT,Manager,2024-12-13,Bangalore
117,Employee_117,HR,Associate,2025-08-05,Hyderabad
118,Employee_118,Sales,Senior Analyst,2024-10-26,Chennai
119,Employee_119,Marketing,Manager,2023-10-30,Bangalore
120,Employee_120,IT,Associate,2026-03-23,Hyderabad
121,Employee_121,HR,Senior Analyst,2025-05-14,Chennai
122,Employee_122,Sales,Manager,2025-10-14,Bangalore
123,Employee_123,Marketing,Associate,2024-11-10,Hyderabad
124,Employee_124,IT,Senior Analyst,2023-10-31,Chennai
125,Employee_125,HR,Manager,2023-12-12,Bangalore
126,Employee_126,Sales,Associate,2025-07-25,Hyderabad
127,Employee_127,Marketing,Senior Analyst,2025-05-08,Chennai
128,Employee_128,IT,Manager,2024-10-02,Bangalore
129,Employee_129,HR,Associate,2025-01-31,Hyderabad
130,Employee_130,Sales,Senior Analyst,2025-04-11,Chennai
131,Employee_131,Marketing,Manager,2025-02-26,Bangalore
132,Employee_132,IT,Associate,2025-05-27,Hyderabad
133,Employee_133,HR,Senior Analyst,2025-06-07,Chennai
134,Employee_134,Sales,Manager,2026-04-21,Bangalore
135,Employee_135,Marketing,Associate,2026-05-12,Hyderabad
136,Employee_136,IT,Senior Analyst,2023-12-30,Chennai
137,Employee_137,HR,Manager,2026-02-12,Bangalore
138,Employee_138,Sales,Associate,2026-05-09,Hyderabad
139,Employee_139,Marketing,Senior Analyst,2024-05-12,Chennai
140,Employee_140,IT,Manager,2025-01-31,Bangalore
141,Employee_141,HR,Associate,2024-10-07,Hyderabad
142,Employee_142,Sales,Senior Analyst,2025-11-20,Chennai
143,Employee_143,Marketing,Manager,2025-12-08,Bangalore
144,Employee_144,IT,Associate,2025-11-25,Hyderabad
145,Employee_145,HR,Senior Analyst,2026-01-06,Chennai
146,Employee_146,Sales,Manager,2024-07-21,Bangalore
147,Employee_147,Marketing,Associate,2024-05-15,Hyderabad
148,Employee_148,IT,Senior Analyst,2024-04-14,Chennai
149,Employee_149,HR,Manager,2024-08-16,Bangalore
150,Employee_150,Sales,Associate,2025-01-20,Hyderabad
151,Employee_151,Marketing,Senior Analyst,2025-06-13,Chennai
152,Employee_152,IT,Manager,2025-06-19,Bangalore
153,Employee_153,HR,Associate,2025-11-07,Hyderabad
154,Employee_154,Sales,Senior Analyst,2025-02-13,Chennai
155,Employee_155,Marketing,Manager,2024-07-28,Bangalore
156,Employee_156,IT,Associate,2024-07-20,Hyderabad
157,Employee_157,HR,Senior Analyst,2025-11-21,Chennai
158,Employee_158,Sales,Manager,2025-01-02,Bangalore
159,Employee_159,Marketing,Associate,2025-12-17,Hyderabad
160,Employee_160,IT,Senior Analyst,2025-01-20,Chennai
161,Employee_161,HR,Manager,2024-10-01,Bangalore
162,Employee_162,Sales,Associate,2025-03-07,Hyderabad
163,Employee_163,Marketing,Senior Analyst,2023-11-04,Chennai
164,Employee_164,IT,Manager,2025-08-29,Bangalore
165,Employee_165,HR,Associate,2024-03-14,Hyderabad
166,Employee_166,Sales,Senior Analyst,2024-06-03,Chennai
167,Employee_167,Marketing,Manager,2024-08-05,Bangalore
168,Employee_168,IT,Associate,2025-05-15,Hyderabad
169,Employee_169,HR,Senior Analyst,2024-09-19,Chennai
170,Employee_170,Sales,Manager,2025-04-11,Bangalore
171,Employee_171,Marketing,Associate,2024-10-02,Hyderabad
172,Employee_172,IT,Senior Analyst,2024-01-29,Chennai
173,Employee_173,HR,Manager,2025-05-06,Bangalore
174,Employee_174,Sales,Associate,2024-08-16,Hyderabad
175,Employee_175,Marketing,Senior Analyst,2024-08-11,Chennai
176,Employee_176,IT,Manager,2023-08-30,Bangalore
177,Employee_177,HR,Associate,2024-01-26,Hyderabad
178,Employee_178,Sales,Senior Analyst,2025-12-01,Chennai
179,Employee_179,Marketing,Manager,2024-07-06,Bangalore
180,Employee_180,IT,Associate,2023-12-13,Hyderabad
181,Employee_181,HR,Senior Analyst,2025-09-27,Chennai
182,Employee_182,Sales,Manager,2025-11-16,Bangalore
183,Employee_183,Marketing,Associate,2024-02-18,Hyderabad
184,Employee_184,IT,Senior Analyst,2024-02-27,Chennai
185,Employee_185,HR,Manager,2026-05-10,Bangalore
186,Employee_186,Sales,Associate,2025-02-11,Hyderabad
187,Employee_187,Marketing,Senior Analyst,2024-07-07,Chennai
188,Employee_188,IT,Manager,2025-05-22,Bangalore
189,Employee_189,HR,Associate,2025-06-14,Hyderabad
190,Employee_190,Sales,Senior Analyst,2026-04-21,Chennai
191,Employee_191,Marketing,Manager,2023-12-21,Bangalore
192,Employee_192,IT,Associate,2025-12-29,Hyderabad
193,Employee_193,HR,Senior Analyst,2025-01-12,Chennai
194,Employee_194,Sales,Manager,2023-10-11,Bangalore
195,Employee_195,Marketing,Associate,2025-09-05,Hyderabad
196,Employee_196,IT,Senior Analyst,2025-03-06,Chennai
197,Employee_197,HR,Manager,2025-12-01,Bangalore
198,Employee_198,Sales,Associate,2025-05-06,Hyderabad
199,Employee_199,Marketing,Senior Analyst,2025-01-02,Chennai
200,Employee_200,IT,Manager,2025-12-16,Bangalore
201,Employee_201,HR,Associate,2024-03-20,Hyderabad
202,Employee_202,Sales,Senior Analyst,2024-06-28,Chennai
203,Employee_203,Marketing,Manager,2026-05-04,Bangalore
204,Employee_204,IT,Associate,2025-10-12,Hyderabad
205,Employee_205,HR,Senior Analyst,2024-11-12,Chennai
206,Employee_206,Sales,Manager,2025-06-25,Bangalore
207,Employee_207,Marketing,Associate,2024-08-25,Hyderabad
208,Employee_208,IT,Senior Analyst,2025-08-21,Chennai
209,Employee_209,HR,Manager,2025-12-11,Bangalore
210,Employee_210,Sales,Associate,2025-12-02,Hyderabad
211,Employee_211,Marketing,Senior Analyst,2024-10-02,Chennai
212,Employee_212,IT,Manager,2025-08-07,Bangalore
213,Employee_213,HR,Associate,2026-02-09,Hyderabad
214,Employee_214,Sales,Senior Analyst,2025-06-24,Chennai
215,Employee_215,Marketing,Manager,2025-01-14,Bangalore
216,Employee_216,IT,Associate,2024-07-15,Hyderabad
217,Employee_217,HR,Senior Analyst,2024-02-16,Chennai
218,Employee_218,Sales,Manager,2024-03-06,Bangalore
219,Employee_219,Marketing,Associate,2025-11-19,Hyderabad
220,Employee_220,IT,Senior Analyst,2023-11-26,Chennai
221,Employee_221,HR,Manager,2024-04-23,Bangalore
222,Employee_222,Sales,Associate,2024-03-23,Hyderabad
223,Employee_223,Marketing,Senior Analyst,2025-06-06,Chennai
224,Employee_224,IT,Manager,2023-10-16,Bangalore
225,Employee_225,HR,Associate,2024-04-27,Hyderabad
226,Employee_226,Sales,Senior Analyst,2024-03-24,Chennai
227,Employee_227,Marketing,Manager,2026-01-20,Bangalore
228,Employee_228,IT,Associate,2023-12-17,Hyderabad
229,Employee_229,HR,Senior Analyst,2025-12-27,Chennai
230,Employee_230,Sales,Manager,2023-12-26,Bangalore
231,Employee_231,Marketing,Associate,2024-09-15,Hyderabad
232,Employee_232,IT,Senior Analyst,2025-12-06,Chennai
233,Employee_233,HR,Manager,2025-08-02,Bangalore
234,Employee_234,Sales,Associate,2024-12-07,Hyderabad
235,Employee_235,Marketing,Senior Analyst,2024-05-26,Chennai
236,Employee_236,IT,Manager,2024-01-24,Bangalore
237,Employee_237,HR,Associate,2026-04-29,Hyderabad
238,Employee_238,Sales,Senior Analyst,2024-06-14,Chennai
239,Employee_239,Marketing,Manager,2025-08-11,Bangalore
240,Employee_240,IT,Associate,2025-12-03,Hyderabad
241,Employee_241,HR,Senior Analyst,2024-06-28,Chennai
242,Employee_242,Sales,Manager,2024-07-06,Bangalore
243,Employee_243,Marketing,Associate,2024-04-28,Hyderabad
244,Employee_244,IT,Senior Analyst,2025-06-09,Chennai
245,Employee_245,HR,Manager,2025-03-29,Bangalore
246,Employee_246,Sales,Associate,2026-03-25,Hyderabad
247,Employee_247,Marketing,Senior Analyst,2024-07-13,Chennai
248,Employee_248,IT,Manager,2024-10-31,Bangalore
249,Employee_249,HR,Associate,2023-11-02,Hyderabad
250,Employee_250,Sales,Senior Analyst,2024-06-06,Chennai
251,Employee_251,Marketing,Manager,2023-12-24,Bangalore
252,Employee_252,IT,Associate,2025-10-13,Hyderabad
253,Employee_253,HR,Senior Analyst,2025-10-20,Chennai
254,Employee_254,Sales,Manager,2023-11-22,Bangalore
255,Employee_255,Marketing,Associate,2024-02-22,Hyderabad
256,Employee_256,IT,Senior Analyst,2024-01-05,Chennai
257,Employee_257,HR,Manager,2023-11-13,Bangalore
258,Employee_258,Sales,Associate,2023-09-15,Hyderabad
259,Employee_259,Marketing,Senior Analyst,2024-08-22,Chennai
260,Employee_260,IT,Manager,2025-09-16,Bangalore
261,Employee_261,HR,Associate,2025-08-16,Hyderabad
262,Employee_262,Sales,Senior Analyst,2024-10-12,Chennai
263,Employee_263,Marketing,Manager,2025-12-11,Bangalore
264,Employee_264,IT,Associate,2024-02-22,Hyderabad
265,Employee_265,HR,Senior Analyst,2025-09-27,Chennai
266,Employee_266,Sales,Manager,2023-09-03,Bangalore
267,Employee_267,Marketing,Associate,2024-08-15,Hyderabad
268,Employee_268,IT,Senior Analyst,2024-08-14,Chennai
269,Employee_269,HR,Manager,2024-07-29,Bangalore
270,Employee_270,Sales,Associate,2024-10-19,Hyderabad
271,Employee_271,Marketing,Senior Analyst,2025-04-26,Chennai
272,Employee_272,IT,Manager,2026-02-17,Bangalore
273,Employee_273,HR,Associate,2024-08-24,Hyderabad
274,Employee_274,Sales,Senior Analyst,2025-12-05,Chennai
275,Employee_275,Marketing,Manager,2025-10-30,Bangalore
276,Employee_276,IT,Associate,2024-07-08,Hyderabad
277,Employee_277,HR,Senior Analyst,2023-10-22,Chennai
278,Employee_278,Sales,Manager,2023-10-11,Bangalore
279,Employee_279,Marketing,Associate,2026-04-05,Hyderabad
280,Employee_280,IT,Senior Analyst,2025-12-12,Chennai
281,Employee_281,HR,Manager,2025-12-29,Bangalore
282,Employee_282,Sales,Associate,2025-11-24,Hyderabad
283,Employee_283,Marketing,Senior Analyst,2025-07-21,Chennai
284,Employee_284,IT,Manager,2024-07-29,Bangalore
285,Employee_285,HR,Associate,2024-12-29,Hyderabad
286,Employee_286,Sales,Senior Analyst,2024-10-07,Chennai
287,Employee_287,Marketing,Manager,2024-06-17,Bangalore
288,Employee_288,IT,Associate,2023-09-22,Hyderabad
289,Employee_289,HR,Senior Analyst,2023-11-16,Chennai
290,Employee_290,Sales,Manager,2025-04-13,Bangalore
291,Employee_291,Marketing,Associate,2025-07-21,Hyderabad
292,Employee_292,IT,Senior Analyst,2024-08-22,Chennai
293,Employee_293,HR,Manager,2025-04-26,Bangalore
294,Employee_294,Sales,Associate,2023-12-16,Hyderabad
295,Employee_295,Marketing,Senior Analyst,2024-06-12,Chennai
296,Employee_296,IT,Manager,2025-04-08,Bangalore
297,Employee_297,HR,Associate,2024-08-23,Hyderabad
298,Employee_298,Sales,Senior Analyst,2025-02-15,Chennai
299,Employee_299,Marketing,Manager,2026-03-20,Bangalore
300,Employee_300,IT,Associate,2024-05-22,Hyderabad
301,Employee_301,HR,Senior Analyst,2024-10-22,Chennai
302,Employee_302,Sales,Manager,2025-04-16,Bangalore
303,Employee_303,Marketing,Associate,2025-05-23,Hyderabad
304,Employee_304,IT,Senior Analyst,2025-07-07,Chennai
305,Employee_305,HR,Manager,2025-12-12,Bangalore
306,Employee_306,Sales,Associate,2026-03-29,Hyderabad
307,Employee_307,Marketing,Senior Analyst,2025-05-06,Chennai
308,Employee_308,IT,Manager,2025-06-28,Bangalore
309,Employee_309,HR,Associate,2025-05-16,Hyderabad
310,Employee_310,Sales,Senior Analyst,2025-12-03,Chennai
311,Employee_311,Marketing,Manager,2024-05-25,Bangalore
312,Employee_312,IT,Associate,2024-08-05,Hyderabad
313,Employee_313,HR,Senior Analyst,2024-08-31,Chennai
314,Employee_314,Sales,Manager,2025-04-09,Bangalore
315,Employee_315,Marketing,Associate,2024-05-15,Hyderabad
316,Employee_316,IT,Senior Analyst,2024-04-09,Chennai
317,Employee_317,HR,Manager,2023-12-19,Bangalore
318,Employee_318,Sales,Associate,2024-11-17,Hyderabad
319,Employee_319,Marketing,Senior Analyst,2025-07-10,Chennai
320,Employee_320,IT,Manager,2025-07-11,Bangalore
321,Employee_321,HR,Associate,2025-11-30,Hyderabad
322,Employee_322,Sales,Senior Analyst,2024-09-26,Chennai
323,Employee_323,Marketing,Manager,2024-08-21,Bangalore
324,Employee_324,IT,Associate,2025-03-16,Hyderabad
325,Employee_325,HR,Senior Analyst,2023-11-03,Chennai
326,Employee_326,Sales,Manager,2024-03-30,Bangalore
327,Employee_327,Marketing,Associate,2025-04-13,Hyderabad
328,Employee_328,IT,Senior Analyst,2024-01-08,Chennai
329,Employee_329,HR,Manager,2024-02-05,Bangalore
330,Employee_330,Sales,Associate,2025-11-18,Hyderabad
331,Employee_331,Marketing,Senior Analyst,2026-04-17,Chennai
332,Employee_332,IT,Manager,2025-07-28,Bangalore
333,Employee_333,HR,Associate,2024-04-02,Hyderabad
334,Employee_334,Sales,Senior Analyst,2023-10-04,Chennai
335,Employee_335,Marketing,Manager,2024-11-13,Bangalore
336,Employee_336,IT,Associate,2026-02-01,Hyderabad
337,Employee_337,HR,Senior Analyst,2024-12-02,Chennai
338,Employee_338,Sales,Manager,2025-03-24,Bangalore
339,Employee_339,Marketing,Associate,2023-12-24,Hyderabad
340,Employee_340,IT,Senior Analyst,2026-01-28,Chennai
341,Employee_341,HR,Manager,2024-12-10,Bangalore
342,Employee_342,Sales,Associate,2024-06-11,Hyderabad
343,Employee_343,Marketing,Senior Analyst,2025-12-13,Chennai
344,Employee_344,IT,Manager,2024-01-14,Bangalore
345,Employee_345,HR,Associate,2024-04-16,Hyderabad
346,Employee_346,Sales,Senior Analyst,2023-11-13,Chennai
347,Employee_347,Marketing,Manager,2026-04-21,Bangalore
348,Employee_348,IT,Associate,2026-03-10,Hyderabad
349,Employee_349,HR,Senior Analyst,2025-09-14,Chennai
350,Employee_350,Sales,Manager,2025-12-22,Bangalore
351,Employee_351,Marketing,Associate,2025-02-06,Hyderabad
352,Employee_352,IT,Senior Analyst,2025-09-24,Chennai
353,Employee_353,HR,Manager,2024-07-06,Bangalore
354,Employee_354,Sales,Associate,2025-04-12,Hyderabad
355,Employee_355,Marketing,Senior Analyst,2025-10-12,Chennai
356,Employee_356,IT,Manager,2026-04-15,Bangalore
357,Employee_357,HR,Associate,2024-10-11,Hyderabad
358,Employee_358,Sales,Senior Analyst,2026-04-10,Chennai
359,Employee_359,Marketing,Manager,2026-02-20,Bangalore
360,Employee_360,IT,Associate,2024-09-03,Hyderabad
361,Employee_361,HR,Senior Analyst,2024-08-12,Chennai
362,Employee_362,Sales,Manager,2023-12-22,Bangalore
363,Employee_363,Marketing,Associate,2024-05-11,Hyderabad
364,Employee_364,IT,Senior Analyst,2025-01-17,Chennai
365,Employee_365,HR,Manager,2023-10-16,Bangalore
366,Employee_366,Sales,Associate,2025-10-20,Hyderabad
367,Employee_367,Marketing,Senior Analyst,2025-08-28,Chennai
368,Employee_368,IT,Manager,2024-08-05,Bangalore
369,Employee_369,HR,Associate,2025-05-05,Hyderabad
370,Employee_370,Sales,Senior Analyst,2025-08-20,Chennai
371,Employee_371,Marketing,Manager,2024-09-16,Bangalore
372,Employee_372,IT,Associate,2024-02-22,Hyderabad
373,Employee_373,HR,Senior Analyst,2025-09-04,Chennai
374,Employee_374,Sales,Manager,2025-01-08,Bangalore
375,Employee_375,Marketing,Associate,2024-04-17,Hyderabad
376,Employee_376,IT,Senior Analyst,2026-02-10,Chennai
377,Employee_377,HR,Manager,2025-09-21,Bangalore
378,Employee_378,Sales,Associate,2023-11-14,Hyderabad
379,Employee_379,Marketing,Senior Analyst,2025-01-12,Chennai
380,Employee_380,IT,Manager,2024-12-08,Bangalore
381,Employee_381,HR,Associate,2024-05-31,Hyderabad
382,Employee_382,Sales,Senior Analyst,2024-04-01,Chennai
383,Employee_383,Marketing,Manager,2024-11-05,Bangalore
384,Employee_384,IT,Associate,2024-06-05,Hyderabad
385,Employee_385,HR,Senior Analyst,2024-11-02,Chennai
386,Employee_386,Sales,Manager,2024-03-12,Bangalore
387,Employee_387,Marketing,Associate,2025-04-29,Hyderabad
388,Employee_388,IT,Senior Analyst,2025-06-23,Chennai
389,Employee_389,HR,Manager,2025-04-11,Bangalore
390,Employee_390,Sales,Associate,2025-07-29,Hyderabad
391,Employee_391,Marketing,Senior Analyst,2025-02-18,Chennai
392,Employee_392,IT,Manager,2025-11-12,Bangalore
393,Employee_393,HR,Associate,2024-07-25,Hyderabad
394,Employee_394,Sales,Senior Analyst,2024-12-23,Chennai
395,Employee_395,Marketing,Manager,2026-04-02,Bangalore
396,Employee_396,IT,Associate,2024-05-27,Hyderabad
397,Employee_397,HR,Senior Analyst,2024-03-05,Chennai
398,Employee_398,Sales,Manager,2024-05-19,Bangalore
399,Employee_399,Marketing,Associate,2026-02-14,Hyderabad
